feature;importance
qty_msk;0.6135768992611769
nilai_msk;0.32999191353121526
nilai_klr;0.042734297108673984
qty_klr;0.013696890098933979
